mean_fit_time,std_fit_time,mean_score_time,std_score_time,param_model__C,param_model__gamma,param_model__kernel,param_model__probability,param_model__random_state,param_selector__k,params,split0_test_score,split1_test_score,split2_test_score,split3_test_score,split4_test_score,mean_test_score,std_test_score,rank_test_score
0.6593955039978028,0.026108543841428397,0.05813164710998535,0.003808325164412075,1,scale,rbf,True,42,40,"{'model__C': 1, 'model__gamma': 'scale', 'model__kernel': 'rbf', 'model__probability': True, 'model__random_state': 42, 'selector__k': 40}",0.4811715481171548,0.43147208121827413,0.4435146443514644,0.4327731092436975,0.47280334728033474,0.4523469460421851,0.020718236691295945,37
0.855095386505127,0.0634079964119132,0.07605276107788086,0.005042059706514591,1,scale,rbf,True,42,60,"{'model__C': 1, 'model__gamma': 'scale', 'model__kernel': 'rbf', 'model__probability': True, 'model__random_state': 42, 'selector__k': 60}",0.5104602510460251,0.47715736040609136,0.48535564853556484,0.4789915966386555,0.4309623430962343,0.4765854399445142,0.025737144499622493,9
0.9894160270690918,0.054459108249442015,0.07648272514343261,0.004718039273915213,1,scale,rbf,True,42,80,"{'model__C': 1, 'model__gamma': 'scale', 'model__kernel': 'rbf', 'model__probability': True, 'model__random_state': 42, 'selector__k': 80}",0.5397489539748954,0.4467005076142132,0.5230125523012552,0.46638655462184875,0.4476987447698745,0.4847094626564174,0.03910671334095497,1
1.143630361557007,0.029840497692298303,0.08348331451416016,0.005034210423002307,1,scale,rbf,True,42,100,"{'model__C': 1, 'model__gamma': 'scale', 'model__kernel': 'rbf', 'model__probability': True, 'model__random_state': 42, 'selector__k': 100}",0.49372384937238495,0.4467005076142132,0.5271966527196653,0.44537815126050423,0.46443514644351463,0.47548686148205654,0.03118916235698646,11
1.1821745395660401,0.050430621519435136,0.08371620178222657,0.0019953758591327803,1,scale,rbf,True,42,all,"{'model__C': 1, 'model__gamma': 'scale', 'model__kernel': 'rbf', 'model__probability': True, 'model__random_state': 42, 'selector__k': 'all'}",0.4811715481171548,0.43147208121827413,0.502092050209205,0.4117647058823529,0.47280334728033474,0.4598607465414643,0.033239403222910566,31
1.0459898948669433,0.04342206698577898,0.01986222267150879,0.0019482362974243353,1,scale,linear,True,42,40,"{'model__C': 1, 'model__gamma': 'scale', 'model__kernel': 'linear', 'model__probability': True, 'model__random_state': 42, 'selector__k': 40}",0.497907949790795,0.4416243654822335,0.4393305439330544,0.4117647058823529,0.47280334728033474,0.4526861824737541,0.029748992189773515,33
1.1499959468841552,0.06544369642835278,0.020933771133422853,0.004501759899742642,1,scale,linear,True,42,60,"{'model__C': 1, 'model__gamma': 'scale', 'model__kernel': 'linear', 'model__probability': True, 'model__random_state': 42, 'selector__k': 60}",0.4895397489539749,0.41624365482233505,0.4686192468619247,0.453781512605042,0.41422594142259417,0.44848202093317424,0.02943508363585014,55
1.114565944671631,0.07237048230630777,0.019307518005371095,0.00228238823095677,1,scale,linear,True,42,80,"{'model__C': 1, 'model__gamma': 'scale', 'model__kernel': 'linear', 'model__probability': True, 'model__random_state': 42, 'selector__k': 80}",0.45188284518828453,0.4619289340101523,0.41841004184100417,0.4117647058823529,0.41422594142259417,0.4316424936688776,0.0209785643883721,113
1.063838005065918,0.04048120224851518,0.02072134017944336,0.001286942586287658,1,scale,linear,True,42,100,"{'model__C': 1, 'model__gamma': 'scale', 'model__kernel': 'linear', 'model__probability': True, 'model__random_state': 42, 'selector__k': 100}",0.4602510460251046,0.4365482233502538,0.41841004184100417,0.42016806722689076,0.4225941422594142,0.4315943041405335,0.01569163310335289,117
1.0444204330444335,0.0495784132845667,0.022988128662109374,0.0031570863344893146,1,scale,linear,True,42,all,"{'model__C': 1, 'model__gamma': 'scale', 'model__kernel': 'linear', 'model__probability': True, 'model__random_state': 42, 'selector__k': 'all'}",0.45188284518828453,0.4365482233502538,0.4602510460251046,0.46638655462184875,0.4225941422594142,0.44753256228898114,0.015992112507294244,59
0.7821276187896729,0.032349828321114646,0.06988673210144043,0.006712495482522445,1,auto,rbf,True,42,40,"{'model__C': 1, 'model__gamma': 'auto', 'model__kernel': 'rbf', 'model__probability': True, 'model__random_state': 42, 'selector__k': 40}",0.4811715481171548,0.43147208121827413,0.4435146443514644,0.4327731092436975,0.47280334728033474,0.4523469460421851,0.020718236691295945,37
0.9846085548400879,0.03485706810303818,0.0729555606842041,0.0025545880539861055,1,auto,rbf,True,42,60,"{'model__C': 1, 'model__gamma': 'auto', 'model__kernel': 'rbf', 'model__probability': True, 'model__random_state': 42, 'selector__k': 60}",0.5104602510460251,0.47715736040609136,0.48535564853556484,0.4789915966386555,0.4309623430962343,0.4765854399445142,0.025737144499622493,9
1.004377841949463,0.015154846671331932,0.0756880760192871,0.002677150862647231,1,auto,rbf,True,42,80,"{'model__C': 1, 'model__gamma': 'auto', 'model__kernel': 'rbf', 'model__probability': True, 'model__random_state': 42, 'selector__k': 80}",0.5397489539748954,0.4467005076142132,0.5230125523012552,0.46638655462184875,0.4476987447698745,0.4847094626564174,0.03910671334095497,1
1.1395801067352296,0.02814820146044805,0.08595848083496094,0.005804403012891467,1,auto,rbf,True,42,100,"{'model__C': 1, 'model__gamma': 'auto', 'model__kernel': 'rbf', 'model__probability': True, 'model__random_state': 42, 'selector__k': 100}",0.49372384937238495,0.4467005076142132,0.5271966527196653,0.44537815126050423,0.46443514644351463,0.47548686148205654,0.03118916235698646,11
1.2075660705566407,0.05664484882019934,0.08507447242736817,0.008139982061941,1,auto,rbf,True,42,all,"{'model__C': 1, 'model__gamma': 'auto', 'model__kernel': 'rbf', 'model__probability': True, 'model__random_state': 42, 'selector__k': 'all'}",0.4811715481171548,0.43147208121827413,0.502092050209205,0.4117647058823529,0.47280334728033474,0.4598607465414643,0.033239403222910566,31
1.0694819927215575,0.041931380806071734,0.01898183822631836,0.0032651309963358612,1,auto,linear,True,42,40,"{'model__C': 1, 'model__gamma': 'auto', 'model__kernel': 'linear', 'model__probability': True, 'model__random_state': 42, 'selector__k': 40}",0.497907949790795,0.4416243654822335,0.4393305439330544,0.4117647058823529,0.47280334728033474,0.4526861824737541,0.029748992189773515,33
1.1477946758270263,0.07036537349491319,0.01936450004577637,0.0010684398451626645,1,auto,linear,True,42,60,"{'model__C': 1, 'model__gamma': 'auto', 'model__kernel': 'linear', 'model__probability': True, 'model__random_state': 42, 'selector__k': 60}",0.4895397489539749,0.41624365482233505,0.4686192468619247,0.453781512605042,0.41422594142259417,0.44848202093317424,0.02943508363585014,55
1.0750816345214844,0.07092528772015931,0.018494653701782226,0.001612109456316216,1,auto,linear,True,42,80,"{'model__C': 1, 'model__gamma': 'auto', 'model__kernel': 'linear', 'model__probability': True, 'model__random_state': 42, 'selector__k': 80}",0.45188284518828453,0.4619289340101523,0.41841004184100417,0.4117647058823529,0.41422594142259417,0.4316424936688776,0.0209785643883721,113
1.06342453956604,0.0407589739032217,0.02546534538269043,0.007253659919711448,1,auto,linear,True,42,100,"{'model__C': 1, 'model__gamma': 'auto', 'model__kernel': 'linear', 'model__probability': True, 'model__random_state': 42, 'selector__k': 100}",0.4602510460251046,0.4365482233502538,0.41841004184100417,0.42016806722689076,0.4225941422594142,0.4315943041405335,0.01569163310335289,117
1.0391855239868164,0.06477063933638733,0.02134404182434082,0.0016428953330652914,1,auto,linear,True,42,all,"{'model__C': 1, 'model__gamma': 'auto', 'model__kernel': 'linear', 'model__probability': True, 'model__random_state': 42, 'selector__k': 'all'}",0.45188284518828453,0.4365482233502538,0.4602510460251046,0.46638655462184875,0.4225941422594142,0.44753256228898114,0.015992112507294244,59
1.3613346576690675,0.12246989163665147,0.08205227851867676,0.013866202060771856,1,0.1,rbf,True,42,40,"{'model__C': 1, 'model__gamma': 0.1, 'model__kernel': 'rbf', 'model__probability': True, 'model__random_state': 42, 'selector__k': 40}",0.4100418410041841,0.43147208121827413,0.42677824267782427,0.3403361344537815,0.4351464435146444,0.4087549485737417,0.035270975231417756,121
1.678851270675659,0.14196775275329657,0.08820152282714844,0.018445081356538114,1,0.1,rbf,True,42,60,"{'model__C': 1, 'model__gamma': 0.1, 'model__kernel': 'rbf', 'model__probability': True, 'model__random_state': 42, 'selector__k': 60}",0.3723849372384937,0.3401015228426396,0.3514644351464435,0.2647058823529412,0.3472803347280335,0.3351874224617103,0.036841907261288345,128
1.3962403774261474,0.0847532821730372,0.07718448638916016,0.0063375737096300795,1,0.1,rbf,True,42,80,"{'model__C': 1, 'model__gamma': 0.1, 'model__kernel': 'rbf', 'model__probability': True, 'model__random_state': 42, 'selector__k': 80}",0.32217573221757323,0.24873096446700507,0.18410041841004185,0.17647058823529413,0.27615062761506276,0.24152566618899543,0.055290251722129216,132
1.5444064617156983,0.047536326519275085,0.09915857315063477,0.020795198025177174,1,0.1,rbf,True,42,100,"{'model__C': 1, 'model__gamma': 0.1, 'model__kernel': 'rbf', 'model__probability': True, 'model__random_state': 42, 'selector__k': 100}",0.19665271966527198,0.18274111675126903,0.14225941422594143,0.15126050420168066,0.15481171548117154,0.16554509406506696,0.020614875093812948,139
1.701496458053589,0.11385843707949676,0.10005626678466797,0.027969497609617887,1,0.1,rbf,True,42,all,"{'model__C': 1, 'model__gamma': 0.1, 'model__kernel': 'rbf', 'model__probability': True, 'model__random_state': 42, 'selector__k': 'all'}",0.18828451882845187,0.17766497461928935,0.13389121338912133,0.14705882352941177,0.14644351464435146,0.15866860900212515,0.020669414145757938,140
1.0324487686157227,0.0401900023379087,0.021930360794067384,0.0038630432503022273,1,0.1,linear,True,42,40,"{'model__C': 1, 'model__gamma': 0.1, 'model__kernel': 'linear', 'model__probability': True, 'model__random_state': 42, 'selector__k': 40}",0.497907949790795,0.4416243654822335,0.4393305439330544,0.4117647058823529,0.47280334728033474,0.4526861824737541,0.029748992189773515,33
1.1783331394195558,0.05626262792120174,0.020647096633911132,0.002318198118464117,1,0.1,linear,True,42,60,"{'model__C': 1, 'model__gamma': 0.1, 'model__kernel': 'linear', 'model__probability': True, 'model__random_state': 42, 'selector__k': 60}",0.4895397489539749,0.41624365482233505,0.4686192468619247,0.453781512605042,0.41422594142259417,0.44848202093317424,0.02943508363585014,55
1.099552536010742,0.05467137237080739,0.020613813400268556,0.0021883786765512048,1,0.1,linear,True,42,80,"{'model__C': 1, 'model__gamma': 0.1, 'model__kernel': 'linear', 'model__probability': True, 'model__random_state': 42, 'selector__k': 80}",0.45188284518828453,0.4619289340101523,0.41841004184100417,0.4117647058823529,0.41422594142259417,0.4316424936688776,0.0209785643883721,113
1.0571302890777587,0.057162634646880955,0.02015576362609863,0.0013873491083741425,1,0.1,linear,True,42,100,"{'model__C': 1, 'model__gamma': 0.1, 'model__kernel': 'linear', 'model__probability': True, 'model__random_state': 42, 'selector__k': 100}",0.4602510460251046,0.4365482233502538,0.41841004184100417,0.42016806722689076,0.4225941422594142,0.4315943041405335,0.01569163310335289,117
1.0342558383941651,0.046633011272348084,0.022987985610961915,0.004483744263441185,1,0.1,linear,True,42,all,"{'model__C': 1, 'model__gamma': 0.1, 'model__kernel': 'linear', 'model__probability': True, 'model__random_state': 42, 'selector__k': 'all'}",0.45188284518828453,0.4365482233502538,0.4602510460251046,0.46638655462184875,0.4225941422594142,0.44753256228898114,0.015992112507294244,59
1.333655834197998,0.04239357321587768,0.06827921867370605,0.0019709203561037733,1,1,rbf,True,42,40,"{'model__C': 1, 'model__gamma': 1, 'model__kernel': 'rbf', 'model__probability': True, 'model__random_state': 42, 'selector__k': 40}",0.12552301255230125,0.1218274111675127,0.12133891213389121,0.12184873949579832,0.1297071129707113,0.12404903766404296,0.003203377431886304,141
1.4562757015228271,0.05807937623021941,0.07981104850769043,0.004806981053599167,1,1,rbf,True,42,60,"{'model__C': 1, 'model__gamma': 1, 'model__kernel': 'rbf', 'model__probability': True, 'model__random_state': 42, 'selector__k': 60}",0.12552301255230125,0.1218274111675127,0.12133891213389121,0.12184873949579832,0.1297071129707113,0.12404903766404296,0.003203377431886304,141
1.3716373443603516,0.05318328593458637,0.0766568660736084,0.0033018450602772167,1,1,rbf,True,42,80,"{'model__C': 1, 'model__gamma': 1, 'model__kernel': 'rbf', 'model__probability': True, 'model__random_state': 42, 'selector__k': 80}",0.12552301255230125,0.1218274111675127,0.12133891213389121,0.12184873949579832,0.12552301255230125,0.12321221758036094,0.0018955517080053801,150
1.501339864730835,0.03885654980659208,0.08450865745544434,0.005216058955106253,1,1,rbf,True,42,100,"{'model__C': 1, 'model__gamma': 1, 'model__kernel': 'rbf', 'model__probability': True, 'model__random_state': 42, 'selector__k': 100}",0.12552301255230125,0.1218274111675127,0.12133891213389121,0.12184873949579832,0.12552301255230125,0.12321221758036094,0.0018955517080053801,150
1.5007790088653565,0.06586069707926491,0.09122796058654785,0.006467879754044402,1,1,rbf,True,42,all,"{'model__C': 1, 'model__gamma': 1, 'model__kernel': 'rbf', 'model__probability': True, 'model__random_state': 42, 'selector__k': 'all'}",0.12552301255230125,0.1218274111675127,0.12133891213389121,0.12184873949579832,0.1297071129707113,0.12404903766404296,0.003203377431886304,141
1.0643729209899901,0.05200732543768228,0.018607568740844727,0.0006231603354175434,1,1,linear,True,42,40,"{'model__C': 1, 'model__gamma': 1, 'model__kernel': 'linear', 'model__probability': True, 'model__random_state': 42, 'selector__k': 40}",0.497907949790795,0.4416243654822335,0.4393305439330544,0.4117647058823529,0.47280334728033474,0.4526861824737541,0.029748992189773515,33
1.1639040946960448,0.06375039513325402,0.020165014266967773,0.0010956686090009334,1,1,linear,True,42,60,"{'model__C': 1, 'model__gamma': 1, 'model__kernel': 'linear', 'model__probability': True, 'model__random_state': 42, 'selector__k': 60}",0.4895397489539749,0.41624365482233505,0.4686192468619247,0.453781512605042,0.41422594142259417,0.44848202093317424,0.02943508363585014,55
1.0778878211975098,0.07935093507693775,0.018922853469848632,0.001359025983052018,1,1,linear,True,42,80,"{'model__C': 1, 'model__gamma': 1, 'model__kernel': 'linear', 'model__probability': True, 'model__random_state': 42, 'selector__k': 80}",0.45188284518828453,0.4619289340101523,0.41841004184100417,0.4117647058823529,0.41422594142259417,0.4316424936688776,0.0209785643883721,113
1.10324387550354,0.06762158480801256,0.02427082061767578,0.0030260581091538425,1,1,linear,True,42,100,"{'model__C': 1, 'model__gamma': 1, 'model__kernel': 'linear', 'model__probability': True, 'model__random_state': 42, 'selector__k': 100}",0.4602510460251046,0.4365482233502538,0.41841004184100417,0.42016806722689076,0.4225941422594142,0.4315943041405335,0.01569163310335289,117
1.0107107639312745,0.05778428430986886,0.021474504470825197,0.0020975787606869615,1,1,linear,True,42,all,"{'model__C': 1, 'model__gamma': 1, 'model__kernel': 'linear', 'model__probability': True, 'model__random_state': 42, 'selector__k': 'all'}",0.45188284518828453,0.4365482233502538,0.4602510460251046,0.46638655462184875,0.4225941422594142,0.44753256228898114,0.015992112507294244,59
0.9743870258331299,0.04104732525118328,0.0646472454071045,0.004494125710790923,10,scale,rbf,True,42,40,"{'model__C': 10, 'model__gamma': 'scale', 'model__kernel': 'rbf', 'model__probability': True, 'model__random_state': 42, 'selector__k': 40}",0.4769874476987448,0.41624365482233505,0.4309623430962343,0.3949579831932773,0.47280334728033474,0.4383909552181852,0.031956258263569716,83
1.0887566089630127,0.030497688654110407,0.07295851707458496,0.006350586584385772,10,scale,rbf,True,42,60,"{'model__C': 10, 'model__gamma': 'scale', 'model__kernel': 'rbf', 'model__probability': True, 'model__random_state': 42, 'selector__k': 60}",0.5271966527196653,0.4416243654822335,0.4309623430962343,0.4957983193277311,0.4393305439330544,0.46698244491178376,0.03784498116047034,19
1.1542815685272216,0.045177455721780654,0.0726654052734375,0.0047278726656492945,10,scale,rbf,True,42,80,"{'model__C': 10, 'model__gamma': 'scale', 'model__kernel': 'rbf', 'model__probability': True, 'model__random_state': 42, 'selector__k': 80}",0.5732217573221757,0.4720812182741117,0.4351464435146444,0.46638655462184875,0.46443514644351463,0.4822542240352591,0.04725892001079779,3
1.3449910640716554,0.046749236400579666,0.08556780815124512,0.004263503380393736,10,scale,rbf,True,42,100,"{'model__C': 10, 'model__gamma': 'scale', 'model__kernel': 'rbf', 'model__probability': True, 'model__random_state': 42, 'selector__k': 100}",0.5271966527196653,0.4416243654822335,0.4895397489539749,0.4579831932773109,0.4435146443514644,0.4719717209569298,0.03251115130469582,13
1.3542664051055908,0.0782548228991646,0.08412199020385742,0.0034441597367823283,10,scale,rbf,True,42,all,"{'model__C': 10, 'model__gamma': 'scale', 'model__kernel': 'rbf', 'model__probability': True, 'model__random_state': 42, 'selector__k': 'all'}",0.5188284518828452,0.4263959390862944,0.4895397489539749,0.4369747899159664,0.4560669456066946,0.465561175089155,0.03421582178905401,25
5.978327751159668,0.3312708119547959,0.017600440979003908,0.0014963838565683382,10,scale,linear,True,42,40,"{'model__C': 10, 'model__gamma': 'scale', 'model__kernel': 'linear', 'model__probability': True, 'model__random_state': 42, 'selector__k': 40}",0.47280334728033474,0.4467005076142132,0.41841004184100417,0.42436974789915966,0.4602510460251046,0.4445069381319633,0.020687821913432887,67
3.3152263164520264,0.2175598519072082,0.01903815269470215,0.0008575363727316682,10,scale,linear,True,42,60,"{'model__C': 10, 'model__gamma': 'scale', 'model__kernel': 'linear', 'model__probability': True, 'model__random_state': 42, 'selector__k': 60}",0.4811715481171548,0.41624365482233505,0.4560669456066946,0.47478991596638653,0.39330543933054396,0.4443155007686229,0.03410340031824938,71
1.6018775939941405,0.20369217174844095,0.018868160247802735,0.0015492943059585457,10,scale,linear,True,42,80,"{'model__C': 10, 'model__gamma': 'scale', 'model__kernel': 'linear', 'model__probability': True, 'model__random_state': 42, 'selector__k': 80}",0.4476987447698745,0.4365482233502538,0.4351464435146444,0.4369747899159664,0.41422594142259417,0.4341188285946666,0.010911054483756118,105
1.1195637702941894,0.06021955782571376,0.023053550720214845,0.002563961880197914,10,scale,linear,True,42,100,"{'model__C': 10, 'model__gamma': 'scale', 'model__kernel': 'linear', 'model__probability': True, 'model__random_state': 42, 'selector__k': 100}",0.4769874476987448,0.43147208121827413,0.41841004184100417,0.4369747899159664,0.41841004184100417,0.43645088050299874,0.0215370375059433,85
1.0416054248809814,0.04821907096303238,0.023222827911376955,0.0018015062991332896,10,scale,linear,True,42,all,"{'model__C': 10, 'model__gamma': 'scale', 'model__kernel': 'linear', 'model__probability': True, 'model__random_state': 42, 'selector__k': 'all'}",0.4602510460251046,0.4365482233502538,0.46443514644351463,0.46638655462184875,0.42677824267782427,0.45087984262370917,0.01611400796066305,39
0.9493431091308594,0.021114698786415812,0.0639315128326416,0.004381464201424492,10,auto,rbf,True,42,40,"{'model__C': 10, 'model__gamma': 'auto', 'model__kernel': 'rbf', 'model__probability': True, 'model__random_state': 42, 'selector__k': 40}",0.4769874476987448,0.41624365482233505,0.4309623430962343,0.3949579831932773,0.47280334728033474,0.4383909552181852,0.031956258263569716,83
1.1157829761505127,0.04142746601728742,0.07743706703186035,0.0024268923699654475,10,auto,rbf,True,42,60,"{'model__C': 10, 'model__gamma': 'auto', 'model__kernel': 'rbf', 'model__probability': True, 'model__random_state': 42, 'selector__k': 60}",0.5271966527196653,0.4416243654822335,0.4309623430962343,0.4957983193277311,0.4393305439330544,0.46698244491178376,0.03784498116047034,19
1.191870641708374,0.04687009264095464,0.07411785125732422,0.006060153212366505,10,auto,rbf,True,42,80,"{'model__C': 10, 'model__gamma': 'auto', 'model__kernel': 'rbf', 'model__probability': True, 'model__random_state': 42, 'selector__k': 80}",0.5732217573221757,0.4720812182741117,0.4351464435146444,0.46638655462184875,0.46443514644351463,0.4822542240352591,0.04725892001079779,3
1.3418706417083741,0.057772091495048083,0.08271651268005371,0.005041471336914906,10,auto,rbf,True,42,100,"{'model__C': 10, 'model__gamma': 'auto', 'model__kernel': 'rbf', 'model__probability': True, 'model__random_state': 42, 'selector__k': 100}",0.5271966527196653,0.4416243654822335,0.4895397489539749,0.4579831932773109,0.4435146443514644,0.4719717209569298,0.03251115130469582,13
1.389363670349121,0.02807394248798237,0.08385243415832519,0.007604685400002458,10,auto,rbf,True,42,all,"{'model__C': 10, 'model__gamma': 'auto', 'model__kernel': 'rbf', 'model__probability': True, 'model__random_state': 42, 'selector__k': 'all'}",0.5188284518828452,0.4263959390862944,0.4895397489539749,0.4369747899159664,0.4560669456066946,0.465561175089155,0.03421582178905401,25
6.234858798980713,0.33676303713156747,0.01781148910522461,0.0020474043767830636,10,auto,linear,True,42,40,"{'model__C': 10, 'model__gamma': 'auto', 'model__kernel': 'linear', 'model__probability': True, 'model__random_state': 42, 'selector__k': 40}",0.47280334728033474,0.4467005076142132,0.41841004184100417,0.42436974789915966,0.4602510460251046,0.4445069381319633,0.020687821913432887,67
3.3954985618591307,0.22802303213200376,0.019510269165039062,0.0017676047437481964,10,auto,linear,True,42,60,"{'model__C': 10, 'model__gamma': 'auto', 'model__kernel': 'linear', 'model__probability': True, 'model__random_state': 42, 'selector__k': 60}",0.4811715481171548,0.41624365482233505,0.4560669456066946,0.47478991596638653,0.39330543933054396,0.4443155007686229,0.03410340031824938,71
1.614281463623047,0.236218861698784,0.018632221221923827,0.0017748174608527257,10,auto,linear,True,42,80,"{'model__C': 10, 'model__gamma': 'auto', 'model__kernel': 'linear', 'model__probability': True, 'model__random_state': 42, 'selector__k': 80}",0.4476987447698745,0.4365482233502538,0.4351464435146444,0.4369747899159664,0.41422594142259417,0.4341188285946666,0.010911054483756118,105
1.1241070747375488,0.07277367662139353,0.022408246994018555,0.0033296713927398226,10,auto,linear,True,42,100,"{'model__C': 10, 'model__gamma': 'auto', 'model__kernel': 'linear', 'model__probability': True, 'model__random_state': 42, 'selector__k': 100}",0.4769874476987448,0.43147208121827413,0.41841004184100417,0.4369747899159664,0.41841004184100417,0.43645088050299874,0.0215370375059433,85
1.0566559314727784,0.06816766343263601,0.02214779853820801,0.0016924819402424245,10,auto,linear,True,42,all,"{'model__C': 10, 'model__gamma': 'auto', 'model__kernel': 'linear', 'model__probability': True, 'model__random_state': 42, 'selector__k': 'all'}",0.4602510460251046,0.4365482233502538,0.46443514644351463,0.46638655462184875,0.42677824267782427,0.45087984262370917,0.01611400796066305,39
1.3045113563537598,0.06354296972332123,0.06795306205749511,0.003266055531663501,10,0.1,rbf,True,42,40,"{'model__C': 10, 'model__gamma': 0.1, 'model__kernel': 'rbf', 'model__probability': True, 'model__random_state': 42, 'selector__k': 40}",0.41422594142259417,0.41116751269035534,0.41841004184100417,0.3487394957983193,0.41841004184100417,0.4021906067186555,0.026864830288891865,122
1.441695499420166,0.0476033261887928,0.0792426586151123,0.0023342887915212803,10,0.1,rbf,True,42,60,"{'model__C': 10, 'model__gamma': 0.1, 'model__kernel': 'rbf', 'model__probability': True, 'model__random_state': 42, 'selector__k': 60}",0.37656903765690375,0.34517766497461927,0.35564853556485354,0.2773109243697479,0.3514644351464435,0.3412341195425136,0.033653283989656446,125
1.4182991981506348,0.0515146415344417,0.07790093421936035,0.005670725411145976,10,0.1,rbf,True,42,80,"{'model__C': 10, 'model__gamma': 0.1, 'model__kernel': 'rbf', 'model__probability': True, 'model__random_state': 42, 'selector__k': 80}",0.33472803347280333,0.24873096446700507,0.18410041841004185,0.18907563025210083,0.28870292887029286,0.2490675950944488,0.05784211890804526,129
1.5269694328308105,0.05324697796728163,0.08574318885803223,0.003617231583948798,10,0.1,rbf,True,42,100,"{'model__C': 10, 'model__gamma': 0.1, 'model__kernel': 'rbf', 'model__probability': True, 'model__random_state': 42, 'selector__k': 100}",0.2217573221757322,0.19289340101522842,0.16317991631799164,0.15546218487394958,0.17573221757322174,0.18180500839122474,0.023651033895530835,133
1.5663379192352296,0.08815963085270988,0.09008331298828125,0.006837296230129052,10,0.1,rbf,True,42,all,"{'model__C': 10, 'model__gamma': 0.1, 'model__kernel': 'rbf', 'model__probability': True, 'model__random_state': 42, 'selector__k': 'all'}",0.20920502092050208,0.18781725888324874,0.13807531380753138,0.15126050420168066,0.16736401673640167,0.1707444229098729,0.02541267499172328,136
6.3853555679321286,0.31244969809572065,0.017261505126953125,0.0015105008354560304,10,0.1,linear,True,42,40,"{'model__C': 10, 'model__gamma': 0.1, 'model__kernel': 'linear', 'model__probability': True, 'model__random_state': 42, 'selector__k': 40}",0.47280334728033474,0.4467005076142132,0.41841004184100417,0.42436974789915966,0.4602510460251046,0.4445069381319633,0.020687821913432887,67
3.534145164489746,0.21661570762671167,0.018691062927246094,0.0008744744842611135,10,0.1,linear,True,42,60,"{'model__C': 10, 'model__gamma': 0.1, 'model__kernel': 'linear', 'model__probability': True, 'model__random_state': 42, 'selector__k': 60}",0.4811715481171548,0.41624365482233505,0.4560669456066946,0.47478991596638653,0.39330543933054396,0.4443155007686229,0.03410340031824938,71
1.6513120174407958,0.1726271589110098,0.020239496231079103,0.002249248555978807,10,0.1,linear,True,42,80,"{'model__C': 10, 'model__gamma': 0.1, 'model__kernel': 'linear', 'model__probability': True, 'model__random_state': 42, 'selector__k': 80}",0.4476987447698745,0.4365482233502538,0.4351464435146444,0.4369747899159664,0.41422594142259417,0.4341188285946666,0.010911054483756118,105
1.2136034965515137,0.08148125265597395,0.022446966171264647,0.002115831575626604,10,0.1,linear,True,42,100,"{'model__C': 10, 'model__gamma': 0.1, 'model__kernel': 'linear', 'model__probability': True, 'model__random_state': 42, 'selector__k': 100}",0.4769874476987448,0.43147208121827413,0.41841004184100417,0.4369747899159664,0.41841004184100417,0.43645088050299874,0.0215370375059433,85
1.0937549591064453,0.07144222740940968,0.021011972427368165,0.0019662029661724196,10,0.1,linear,True,42,all,"{'model__C': 10, 'model__gamma': 0.1, 'model__kernel': 'linear', 'model__probability': True, 'model__random_state': 42, 'selector__k': 'all'}",0.4602510460251046,0.4365482233502538,0.46443514644351463,0.46638655462184875,0.42677824267782427,0.45087984262370917,0.01611400796066305,39
1.411527681350708,0.05832296082471002,0.07116317749023438,0.005702387754268046,10,1,rbf,True,42,40,"{'model__C': 10, 'model__gamma': 1, 'model__kernel': 'rbf', 'model__probability': True, 'model__random_state': 42, 'selector__k': 40}",0.12552301255230125,0.1218274111675127,0.12133891213389121,0.12184873949579832,0.1297071129707113,0.12404903766404296,0.003203377431886304,141
1.591546630859375,0.06114113146591007,0.09004101753234864,0.011297180165866734,10,1,rbf,True,42,60,"{'model__C': 10, 'model__gamma': 1, 'model__kernel': 'rbf', 'model__probability': True, 'model__random_state': 42, 'selector__k': 60}",0.12552301255230125,0.1218274111675127,0.12133891213389121,0.12184873949579832,0.12552301255230125,0.12321221758036094,0.0018955517080053801,150
1.5315518856048584,0.03903415156214207,0.07813687324523926,0.006426819828425056,10,1,rbf,True,42,80,"{'model__C': 10, 'model__gamma': 1, 'model__kernel': 'rbf', 'model__probability': True, 'model__random_state': 42, 'selector__k': 80}",0.12552301255230125,0.1218274111675127,0.12133891213389121,0.12184873949579832,0.12552301255230125,0.12321221758036094,0.0018955517080053801,150
1.6737804412841797,0.04378702295736317,0.08955893516540528,0.006237967309535123,10,1,rbf,True,42,100,"{'model__C': 10, 'model__gamma': 1, 'model__kernel': 'rbf', 'model__probability': True, 'model__random_state': 42, 'selector__k': 100}",0.12552301255230125,0.1218274111675127,0.12133891213389121,0.12184873949579832,0.12552301255230125,0.12321221758036094,0.0018955517080053801,150
1.6668622016906738,0.0437186541487528,0.09069452285766602,0.006034576678638855,10,1,rbf,True,42,all,"{'model__C': 10, 'model__gamma': 1, 'model__kernel': 'rbf', 'model__probability': True, 'model__random_state': 42, 'selector__k': 'all'}",0.12552301255230125,0.1218274111675127,0.12133891213389121,0.12184873949579832,0.1297071129707113,0.12404903766404296,0.003203377431886304,141
6.13002119064331,0.3066066372027249,0.021552085876464844,0.011749879999889055,10,1,linear,True,42,40,"{'model__C': 10, 'model__gamma': 1, 'model__kernel': 'linear', 'model__probability': True, 'model__random_state': 42, 'selector__k': 40}",0.47280334728033474,0.4467005076142132,0.41841004184100417,0.42436974789915966,0.4602510460251046,0.4445069381319633,0.020687821913432887,67
3.482565689086914,0.2609433826778602,0.022852230072021484,0.0007726299815687995,10,1,linear,True,42,60,"{'model__C': 10, 'model__gamma': 1, 'model__kernel': 'linear', 'model__probability': True, 'model__random_state': 42, 'selector__k': 60}",0.4811715481171548,0.41624365482233505,0.4560669456066946,0.47478991596638653,0.39330543933054396,0.4443155007686229,0.03410340031824938,71
1.671205186843872,0.2524917135103371,0.02081456184387207,0.002928201013783882,10,1,linear,True,42,80,"{'model__C': 10, 'model__gamma': 1, 'model__kernel': 'linear', 'model__probability': True, 'model__random_state': 42, 'selector__k': 80}",0.4476987447698745,0.4365482233502538,0.4351464435146444,0.4369747899159664,0.41422594142259417,0.4341188285946666,0.010911054483756118,105
1.1601976871490478,0.03722225253294183,0.021649837493896484,0.0018049543052274832,10,1,linear,True,42,100,"{'model__C': 10, 'model__gamma': 1, 'model__kernel': 'linear', 'model__probability': True, 'model__random_state': 42, 'selector__k': 100}",0.4769874476987448,0.43147208121827413,0.41841004184100417,0.4369747899159664,0.41841004184100417,0.43645088050299874,0.0215370375059433,85
1.0724144458770752,0.059275357896849894,0.022763156890869142,0.0010982639323450743,10,1,linear,True,42,all,"{'model__C': 10, 'model__gamma': 1, 'model__kernel': 'linear', 'model__probability': True, 'model__random_state': 42, 'selector__k': 'all'}",0.4602510460251046,0.4365482233502538,0.46443514644351463,0.46638655462184875,0.42677824267782427,0.45087984262370917,0.01611400796066305,39
0.991598653793335,0.03612980231406222,0.06918091773986816,0.007284511721510972,50,scale,rbf,True,42,40,"{'model__C': 50, 'model__gamma': 'scale', 'model__kernel': 'rbf', 'model__probability': True, 'model__random_state': 42, 'selector__k': 40}",0.4686192468619247,0.41116751269035534,0.4309623430962343,0.39915966386554624,0.4560669456066946,0.433195142424151,0.026178625713663795,109
1.1337072372436523,0.037809862975231576,0.08235716819763184,0.013471810731395422,50,scale,rbf,True,42,60,"{'model__C': 50, 'model__gamma': 'scale', 'model__kernel': 'rbf', 'model__probability': True, 'model__random_state': 42, 'selector__k': 60}",0.5271966527196653,0.4365482233502538,0.4309623430962343,0.4957983193277311,0.4393305439330544,0.46596721648538775,0.03857270848953669,21
1.2071109294891358,0.04934470072831928,0.08269238471984863,0.00657329020682462,50,scale,rbf,True,42,80,"{'model__C': 50, 'model__gamma': 'scale', 'model__kernel': 'rbf', 'model__probability': True, 'model__random_state': 42, 'selector__k': 80}",0.5732217573221757,0.4720812182741117,0.4351464435146444,0.46218487394957986,0.4602510460251046,0.4805770678171233,0.04789693003650437,5
1.3771467685699463,0.03106184941229984,0.08224978446960449,0.00636400764097314,50,scale,rbf,True,42,100,"{'model__C': 50, 'model__gamma': 'scale', 'model__kernel': 'rbf', 'model__probability': True, 'model__random_state': 42, 'selector__k': 100}",0.5271966527196653,0.4416243654822335,0.4895397489539749,0.4579831932773109,0.4435146443514644,0.4719717209569298,0.03251115130469582,13
1.421599817276001,0.040764114490881014,0.08592209815979004,0.006024227363539391,50,scale,rbf,True,42,all,"{'model__C': 50, 'model__gamma': 'scale', 'model__kernel': 'rbf', 'model__probability': True, 'model__random_state': 42, 'selector__k': 'all'}",0.5188284518828452,0.4263959390862944,0.4895397489539749,0.4369747899159664,0.4560669456066946,0.465561175089155,0.03421582178905401,25
26.563030433654784,3.359178820425737,0.017643117904663087,0.0025246700557568823,50,scale,linear,True,42,40,"{'model__C': 50, 'model__gamma': 'scale', 'model__kernel': 'linear', 'model__probability': True, 'model__random_state': 42, 'selector__k': 40}",0.46443514644351463,0.4517766497461929,0.4309623430962343,0.40756302521008403,0.4769874476987448,0.44634492243895424,0.02464298488526908,63
9.052300405502319,0.9809290659466852,0.018803215026855467,0.002232566426678728,50,scale,linear,True,42,60,"{'model__C': 50, 'model__gamma': 'scale', 'model__kernel': 'linear', 'model__probability': True, 'model__random_state': 42, 'selector__k': 60}",0.49372384937238495,0.41624365482233505,0.4435146443514644,0.46218487394957986,0.40585774058577406,0.4443049526163077,0.03171172678183302,75
1.6239521980285645,0.1552865133545904,0.020463180541992188,0.0036811300117029393,50,scale,linear,True,42,80,"{'model__C': 50, 'model__gamma': 'scale', 'model__kernel': 'linear', 'model__probability': True, 'model__random_state': 42, 'selector__k': 80}",0.4476987447698745,0.4467005076142132,0.4435146443514644,0.42857142857142855,0.4100418410041841,0.435305433262233,0.014383524945415015,97
1.0910328865051269,0.06694083549402324,0.0212432861328125,0.0046215120529819655,50,scale,linear,True,42,100,"{'model__C': 50, 'model__gamma': 'scale', 'model__kernel': 'linear', 'model__probability': True, 'model__random_state': 42, 'selector__k': 100}",0.4769874476987448,0.43147208121827413,0.41841004184100417,0.4369747899159664,0.41841004184100417,0.43645088050299874,0.0215370375059433,85
1.1081702709197998,0.06769916451887577,0.023638105392456053,0.0026182922745610986,50,scale,linear,True,42,all,"{'model__C': 50, 'model__gamma': 'scale', 'model__kernel': 'linear', 'model__probability': True, 'model__random_state': 42, 'selector__k': 'all'}",0.4602510460251046,0.4365482233502538,0.46443514644351463,0.46638655462184875,0.42677824267782427,0.45087984262370917,0.01611400796066305,39
0.982407522201538,0.037052194405903655,0.07163033485412598,0.005656204576853253,50,auto,rbf,True,42,40,"{'model__C': 50, 'model__gamma': 'auto', 'model__kernel': 'rbf', 'model__probability': True, 'model__random_state': 42, 'selector__k': 40}",0.4686192468619247,0.41116751269035534,0.4309623430962343,0.39915966386554624,0.4560669456066946,0.433195142424151,0.026178625713663795,109
1.1371038913726808,0.036673180990558135,0.07154636383056641,0.0045165833825433375,50,auto,rbf,True,42,60,"{'model__C': 50, 'model__gamma': 'auto', 'model__kernel': 'rbf', 'model__probability': True, 'model__random_state': 42, 'selector__k': 60}",0.5271966527196653,0.4365482233502538,0.4309623430962343,0.4957983193277311,0.4393305439330544,0.46596721648538775,0.03857270848953669,21
1.1398248195648193,0.02845660266820621,0.07406363487243653,0.005203394750522752,50,auto,rbf,True,42,80,"{'model__C': 50, 'model__gamma': 'auto', 'model__kernel': 'rbf', 'model__probability': True, 'model__random_state': 42, 'selector__k': 80}",0.5732217573221757,0.4720812182741117,0.4351464435146444,0.46218487394957986,0.4602510460251046,0.4805770678171233,0.04789693003650437,5
1.3415284633636475,0.045395674431486725,0.09269781112670898,0.012406092813437965,50,auto,rbf,True,42,100,"{'model__C': 50, 'model__gamma': 'auto', 'model__kernel': 'rbf', 'model__probability': True, 'model__random_state': 42, 'selector__k': 100}",0.5271966527196653,0.4416243654822335,0.4895397489539749,0.4579831932773109,0.4435146443514644,0.4719717209569298,0.03251115130469582,13
1.3785852432250976,0.057880328034055496,0.08346247673034668,0.003928749174587136,50,auto,rbf,True,42,all,"{'model__C': 50, 'model__gamma': 'auto', 'model__kernel': 'rbf', 'model__probability': True, 'model__random_state': 42, 'selector__k': 'all'}",0.5188284518828452,0.4263959390862944,0.4895397489539749,0.4369747899159664,0.4560669456066946,0.465561175089155,0.03421582178905401,25
26.698959827423096,3.5274933500392827,0.017005491256713866,0.0012160022230690054,50,auto,linear,True,42,40,"{'model__C': 50, 'model__gamma': 'auto', 'model__kernel': 'linear', 'model__probability': True, 'model__random_state': 42, 'selector__k': 40}",0.46443514644351463,0.4517766497461929,0.4309623430962343,0.40756302521008403,0.4769874476987448,0.44634492243895424,0.02464298488526908,63
9.428727340698241,1.232726946017618,0.019945335388183594,0.004562162130353089,50,auto,linear,True,42,60,"{'model__C': 50, 'model__gamma': 'auto', 'model__kernel': 'linear', 'model__probability': True, 'model__random_state': 42, 'selector__k': 60}",0.49372384937238495,0.41624365482233505,0.4435146443514644,0.46218487394957986,0.40585774058577406,0.4443049526163077,0.03171172678183302,75
1.6156367301940917,0.2367499374012185,0.01888885498046875,0.0026229453454739253,50,auto,linear,True,42,80,"{'model__C': 50, 'model__gamma': 'auto', 'model__kernel': 'linear', 'model__probability': True, 'model__random_state': 42, 'selector__k': 80}",0.4476987447698745,0.4467005076142132,0.4435146443514644,0.42857142857142855,0.4100418410041841,0.435305433262233,0.014383524945415015,97
1.266387414932251,0.11446787616469924,0.020001983642578124,0.0006485234389011206,50,auto,linear,True,42,100,"{'model__C': 50, 'model__gamma': 'auto', 'model__kernel': 'linear', 'model__probability': True, 'model__random_state': 42, 'selector__k': 100}",0.4769874476987448,0.43147208121827413,0.41841004184100417,0.4369747899159664,0.41841004184100417,0.43645088050299874,0.0215370375059433,85
1.272005319595337,0.17425248292942763,0.023654651641845704,0.0030418517163558942,50,auto,linear,True,42,all,"{'model__C': 50, 'model__gamma': 'auto', 'model__kernel': 'linear', 'model__probability': True, 'model__random_state': 42, 'selector__k': 'all'}",0.4602510460251046,0.4365482233502538,0.46443514644351463,0.46638655462184875,0.42677824267782427,0.45087984262370917,0.01611400796066305,39
1.3285281181335449,0.030711612311079377,0.07314658164978027,0.0030379123392368385,50,0.1,rbf,True,42,40,"{'model__C': 50, 'model__gamma': 0.1, 'model__kernel': 'rbf', 'model__probability': True, 'model__random_state': 42, 'selector__k': 40}",0.41422594142259417,0.41116751269035534,0.41841004184100417,0.3487394957983193,0.41841004184100417,0.4021906067186555,0.026864830288891865,122
1.5126755714416504,0.0747011524861668,0.0802485466003418,0.007788681092654087,50,0.1,rbf,True,42,60,"{'model__C': 50, 'model__gamma': 0.1, 'model__kernel': 'rbf', 'model__probability': True, 'model__random_state': 42, 'selector__k': 60}",0.37656903765690375,0.34517766497461927,0.35564853556485354,0.2773109243697479,0.3514644351464435,0.3412341195425136,0.033653283989656446,125
1.4263420581817627,0.0610761075302654,0.0833867073059082,0.01067858690230231,50,0.1,rbf,True,42,80,"{'model__C': 50, 'model__gamma': 0.1, 'model__kernel': 'rbf', 'model__probability': True, 'model__random_state': 42, 'selector__k': 80}",0.33472803347280333,0.24873096446700507,0.18410041841004185,0.18907563025210083,0.28870292887029286,0.2490675950944488,0.05784211890804526,129
1.7025296688079834,0.0728970358480419,0.08957195281982422,0.008567794089257855,50,0.1,rbf,True,42,100,"{'model__C': 50, 'model__gamma': 0.1, 'model__kernel': 'rbf', 'model__probability': True, 'model__random_state': 42, 'selector__k': 100}",0.2217573221757322,0.19289340101522842,0.16317991631799164,0.15546218487394958,0.17573221757322174,0.18180500839122474,0.023651033895530835,133
1.7469135761260985,0.06474047751838882,0.09288816452026367,0.010036490067946727,50,0.1,rbf,True,42,all,"{'model__C': 50, 'model__gamma': 0.1, 'model__kernel': 'rbf', 'model__probability': True, 'model__random_state': 42, 'selector__k': 'all'}",0.20920502092050208,0.18781725888324874,0.13807531380753138,0.15126050420168066,0.16736401673640167,0.1707444229098729,0.02541267499172328,136
27.22385439872742,3.6047965169925598,0.01854228973388672,0.0017352141073386372,50,0.1,linear,True,42,40,"{'model__C': 50, 'model__gamma': 0.1, 'model__kernel': 'linear', 'model__probability': True, 'model__random_state': 42, 'selector__k': 40}",0.46443514644351463,0.4517766497461929,0.4309623430962343,0.40756302521008403,0.4769874476987448,0.44634492243895424,0.02464298488526908,63
9.216248607635498,1.0291984996887382,0.019674110412597656,0.00413250963294359,50,0.1,linear,True,42,60,"{'model__C': 50, 'model__gamma': 0.1, 'model__kernel': 'linear', 'model__probability': True, 'model__random_state': 42, 'selector__k': 60}",0.49372384937238495,0.41624365482233505,0.4435146443514644,0.46218487394957986,0.40585774058577406,0.4443049526163077,0.03171172678183302,75
1.5933709144592285,0.18646925446847445,0.020232677459716797,0.0031114642868332668,50,0.1,linear,True,42,80,"{'model__C': 50, 'model__gamma': 0.1, 'model__kernel': 'linear', 'model__probability': True, 'model__random_state': 42, 'selector__k': 80}",0.4476987447698745,0.4467005076142132,0.4435146443514644,0.42857142857142855,0.4100418410041841,0.435305433262233,0.014383524945415015,97
1.3994436740875245,0.23685398198188035,0.022985315322875975,0.002355319182926656,50,0.1,linear,True,42,100,"{'model__C': 50, 'model__gamma': 0.1, 'model__kernel': 'linear', 'model__probability': True, 'model__random_state': 42, 'selector__k': 100}",0.4769874476987448,0.43147208121827413,0.41841004184100417,0.4369747899159664,0.41841004184100417,0.43645088050299874,0.0215370375059433,85
1.2898248195648194,0.25713260450340264,0.022980928421020508,0.0016958393458318757,50,0.1,linear,True,42,all,"{'model__C': 50, 'model__gamma': 0.1, 'model__kernel': 'linear', 'model__probability': True, 'model__random_state': 42, 'selector__k': 'all'}",0.4602510460251046,0.4365482233502538,0.46443514644351463,0.46638655462184875,0.42677824267782427,0.45087984262370917,0.01611400796066305,39
1.4012962341308595,0.07056605322448606,0.07790651321411132,0.013487272099387411,50,1,rbf,True,42,40,"{'model__C': 50, 'model__gamma': 1, 'model__kernel': 'rbf', 'model__probability': True, 'model__random_state': 42, 'selector__k': 40}",0.12552301255230125,0.1218274111675127,0.12133891213389121,0.12184873949579832,0.1297071129707113,0.12404903766404296,0.003203377431886304,141
1.5059677124023438,0.024699167431022715,0.08862748146057128,0.006469223389059149,50,1,rbf,True,42,60,"{'model__C': 50, 'model__gamma': 1, 'model__kernel': 'rbf', 'model__probability': True, 'model__random_state': 42, 'selector__k': 60}",0.12552301255230125,0.1218274111675127,0.12133891213389121,0.12184873949579832,0.12552301255230125,0.12321221758036094,0.0018955517080053801,150
1.545289945602417,0.06972326518451732,0.08946614265441895,0.01841375422858707,50,1,rbf,True,42,80,"{'model__C': 50, 'model__gamma': 1, 'model__kernel': 'rbf', 'model__probability': True, 'model__random_state': 42, 'selector__k': 80}",0.12552301255230125,0.1218274111675127,0.12133891213389121,0.12184873949579832,0.12552301255230125,0.12321221758036094,0.0018955517080053801,150
1.6841009140014649,0.12850971566318484,0.09156508445739746,0.009851938113543386,50,1,rbf,True,42,100,"{'model__C': 50, 'model__gamma': 1, 'model__kernel': 'rbf', 'model__probability': True, 'model__random_state': 42, 'selector__k': 100}",0.12552301255230125,0.1218274111675127,0.12133891213389121,0.12184873949579832,0.12552301255230125,0.12321221758036094,0.0018955517080053801,150
2.0579816818237306,0.18164985456462185,0.08834199905395508,0.005572755098540571,50,1,rbf,True,42,all,"{'model__C': 50, 'model__gamma': 1, 'model__kernel': 'rbf', 'model__probability': True, 'model__random_state': 42, 'selector__k': 'all'}",0.12552301255230125,0.1218274111675127,0.12133891213389121,0.12184873949579832,0.1297071129707113,0.12404903766404296,0.003203377431886304,141
32.916416549682616,3.877517805739873,0.019105148315429688,0.0025766961387281165,50,1,linear,True,42,40,"{'model__C': 50, 'model__gamma': 1, 'model__kernel': 'linear', 'model__probability': True, 'model__random_state': 42, 'selector__k': 40}",0.46443514644351463,0.4517766497461929,0.4309623430962343,0.40756302521008403,0.4769874476987448,0.44634492243895424,0.02464298488526908,63
9.303397417068481,1.0493806024942316,0.020793581008911134,0.0032597793061021436,50,1,linear,True,42,60,"{'model__C': 50, 'model__gamma': 1, 'model__kernel': 'linear', 'model__probability': True, 'model__random_state': 42, 'selector__k': 60}",0.49372384937238495,0.41624365482233505,0.4435146443514644,0.46218487394957986,0.40585774058577406,0.4443049526163077,0.03171172678183302,75
1.5976706981658935,0.20046734994526746,0.018785858154296876,0.0014650221308736223,50,1,linear,True,42,80,"{'model__C': 50, 'model__gamma': 1, 'model__kernel': 'linear', 'model__probability': True, 'model__random_state': 42, 'selector__k': 80}",0.4476987447698745,0.4467005076142132,0.4435146443514644,0.42857142857142855,0.4100418410041841,0.435305433262233,0.014383524945415015,97
1.1046706676483153,0.09080045778638264,0.02117266654968262,0.0016422816025511856,50,1,linear,True,42,100,"{'model__C': 50, 'model__gamma': 1, 'model__kernel': 'linear', 'model__probability': True, 'model__random_state': 42, 'selector__k': 100}",0.4769874476987448,0.43147208121827413,0.41841004184100417,0.4369747899159664,0.41841004184100417,0.43645088050299874,0.0215370375059433,85
1.0683974266052245,0.06121130073517593,0.0221041202545166,0.0015968671905725635,50,1,linear,True,42,all,"{'model__C': 50, 'model__gamma': 1, 'model__kernel': 'linear', 'model__probability': True, 'model__random_state': 42, 'selector__k': 'all'}",0.4602510460251046,0.4365482233502538,0.46443514644351463,0.46638655462184875,0.42677824267782427,0.45087984262370917,0.01611400796066305,39
0.9583557605743408,0.046163756803121646,0.06388344764709472,0.002977068876241813,100,scale,rbf,True,42,40,"{'model__C': 100, 'model__gamma': 'scale', 'model__kernel': 'rbf', 'model__probability': True, 'model__random_state': 42, 'selector__k': 40}",0.4686192468619247,0.41116751269035534,0.4309623430962343,0.39915966386554624,0.4560669456066946,0.433195142424151,0.026178625713663795,109
1.0907155513763427,0.037478252032505995,0.07395591735839843,0.0075124468343956505,100,scale,rbf,True,42,60,"{'model__C': 100, 'model__gamma': 'scale', 'model__kernel': 'rbf', 'model__probability': True, 'model__random_state': 42, 'selector__k': 60}",0.5271966527196653,0.4365482233502538,0.4309623430962343,0.4957983193277311,0.4393305439330544,0.46596721648538775,0.03857270848953669,21
1.2771332263946533,0.06980190967127295,0.08655757904052734,0.016561840493340974,100,scale,rbf,True,42,80,"{'model__C': 100, 'model__gamma': 'scale', 'model__kernel': 'rbf', 'model__probability': True, 'model__random_state': 42, 'selector__k': 80}",0.5732217573221757,0.4720812182741117,0.4351464435146444,0.46218487394957986,0.4602510460251046,0.4805770678171233,0.04789693003650437,5
1.4165707588195802,0.06944412582675787,0.08453207015991211,0.007432142017927394,100,scale,rbf,True,42,100,"{'model__C': 100, 'model__gamma': 'scale', 'model__kernel': 'rbf', 'model__probability': True, 'model__random_state': 42, 'selector__k': 100}",0.5271966527196653,0.4416243654822335,0.4895397489539749,0.4579831932773109,0.4435146443514644,0.4719717209569298,0.03251115130469582,13
1.3737428188323975,0.07895814306849318,0.07994794845581055,0.0038308382917927055,100,scale,rbf,True,42,all,"{'model__C': 100, 'model__gamma': 'scale', 'model__kernel': 'rbf', 'model__probability': True, 'model__random_state': 42, 'selector__k': 'all'}",0.5188284518828452,0.4263959390862944,0.4895397489539749,0.4369747899159664,0.4560669456066946,0.465561175089155,0.03421582178905401,25
47.26596665382385,6.2444161809379235,0.017645502090454103,0.0014992632428004696,100,scale,linear,True,42,40,"{'model__C': 100, 'model__gamma': 'scale', 'model__kernel': 'linear', 'model__probability': True, 'model__random_state': 42, 'selector__k': 40}",0.46443514644351463,0.4365482233502538,0.4309623430962343,0.39915966386554624,0.46443514644351463,0.4391081046398127,0.024296923413014575,79
14.366133117675782,3.3477903073276334,0.01864280700683594,0.0028396449113916792,100,scale,linear,True,42,60,"{'model__C': 100, 'model__gamma': 'scale', 'model__kernel': 'linear', 'model__probability': True, 'model__random_state': 42, 'selector__k': 60}",0.497907949790795,0.4213197969543147,0.4351464435146444,0.4831932773109244,0.41422594142259417,0.45035868179865457,0.03382096244265938,51
1.4624327659606933,0.29223294336458217,0.016204404830932616,0.0016126725632519842,100,scale,linear,True,42,80,"{'model__C': 100, 'model__gamma': 'scale', 'model__kernel': 'linear', 'model__probability': True, 'model__random_state': 42, 'selector__k': 80}",0.4476987447698745,0.4467005076142132,0.4435146443514644,0.42857142857142855,0.4100418410041841,0.435305433262233,0.014383524945415015,97
1.1403223991394043,0.05248804844596375,0.022305679321289063,0.004010586508521892,100,scale,linear,True,42,100,"{'model__C': 100, 'model__gamma': 'scale', 'model__kernel': 'linear', 'model__probability': True, 'model__random_state': 42, 'selector__k': 100}",0.4769874476987448,0.43147208121827413,0.41841004184100417,0.4369747899159664,0.41841004184100417,0.43645088050299874,0.0215370375059433,85
1.0702380657196044,0.04551395107835152,0.021245527267456054,0.0018713064981446955,100,scale,linear,True,42,all,"{'model__C': 100, 'model__gamma': 'scale', 'model__kernel': 'linear', 'model__probability': True, 'model__random_state': 42, 'selector__k': 'all'}",0.4602510460251046,0.4365482233502538,0.46443514644351463,0.46638655462184875,0.42677824267782427,0.45087984262370917,0.01611400796066305,39
1.029160165786743,0.03708865168582119,0.06861710548400879,0.00324312062704388,100,auto,rbf,True,42,40,"{'model__C': 100, 'model__gamma': 'auto', 'model__kernel': 'rbf', 'model__probability': True, 'model__random_state': 42, 'selector__k': 40}",0.4686192468619247,0.41116751269035534,0.4309623430962343,0.39915966386554624,0.4560669456066946,0.433195142424151,0.026178625713663795,109
1.1274983406066894,0.04769051557872005,0.07465386390686035,0.006092622341809532,100,auto,rbf,True,42,60,"{'model__C': 100, 'model__gamma': 'auto', 'model__kernel': 'rbf', 'model__probability': True, 'model__random_state': 42, 'selector__k': 60}",0.5271966527196653,0.4365482233502538,0.4309623430962343,0.4957983193277311,0.4393305439330544,0.46596721648538775,0.03857270848953669,21
1.1767539978027344,0.05816824770999909,0.08516745567321778,0.011705242012464877,100,auto,rbf,True,42,80,"{'model__C': 100, 'model__gamma': 'auto', 'model__kernel': 'rbf', 'model__probability': True, 'model__random_state': 42, 'selector__k': 80}",0.5732217573221757,0.4720812182741117,0.4351464435146444,0.46218487394957986,0.4602510460251046,0.4805770678171233,0.04789693003650437,5
1.3492042541503906,0.05053240771607535,0.08052625656127929,0.005461713455894539,100,auto,rbf,True,42,100,"{'model__C': 100, 'model__gamma': 'auto', 'model__kernel': 'rbf', 'model__probability': True, 'model__random_state': 42, 'selector__k': 100}",0.5271966527196653,0.4416243654822335,0.4895397489539749,0.4579831932773109,0.4435146443514644,0.4719717209569298,0.03251115130469582,13
1.3358542442321777,0.045564730905260586,0.08444185256958008,0.008845771077271563,100,auto,rbf,True,42,all,"{'model__C': 100, 'model__gamma': 'auto', 'model__kernel': 'rbf', 'model__probability': True, 'model__random_state': 42, 'selector__k': 'all'}",0.5188284518828452,0.4263959390862944,0.4895397489539749,0.4369747899159664,0.4560669456066946,0.465561175089155,0.03421582178905401,25
46.73002133369446,5.950642024380797,0.016260910034179687,0.001663117910764288,100,auto,linear,True,42,40,"{'model__C': 100, 'model__gamma': 'auto', 'model__kernel': 'linear', 'model__probability': True, 'model__random_state': 42, 'selector__k': 40}",0.46443514644351463,0.4365482233502538,0.4309623430962343,0.39915966386554624,0.46443514644351463,0.4391081046398127,0.024296923413014575,79
13.912196254730224,3.2913961888246988,0.020591592788696288,0.0030374736448311257,100,auto,linear,True,42,60,"{'model__C': 100, 'model__gamma': 'auto', 'model__kernel': 'linear', 'model__probability': True, 'model__random_state': 42, 'selector__k': 60}",0.497907949790795,0.4213197969543147,0.4351464435146444,0.4831932773109244,0.41422594142259417,0.45035868179865457,0.03382096244265938,51
1.62323899269104,0.27549059702679457,0.024861955642700197,0.014375344322870465,100,auto,linear,True,42,80,"{'model__C': 100, 'model__gamma': 'auto', 'model__kernel': 'linear', 'model__probability': True, 'model__random_state': 42, 'selector__k': 80}",0.4476987447698745,0.4467005076142132,0.4435146443514644,0.42857142857142855,0.4100418410041841,0.435305433262233,0.014383524945415015,97
1.115466833114624,0.06969710544376376,0.022923851013183595,0.0038331163693626,100,auto,linear,True,42,100,"{'model__C': 100, 'model__gamma': 'auto', 'model__kernel': 'linear', 'model__probability': True, 'model__random_state': 42, 'selector__k': 100}",0.4769874476987448,0.43147208121827413,0.41841004184100417,0.4369747899159664,0.41841004184100417,0.43645088050299874,0.0215370375059433,85
1.0802299976348877,0.07207914339428906,0.02717142105102539,0.013265704029681955,100,auto,linear,True,42,all,"{'model__C': 100, 'model__gamma': 'auto', 'model__kernel': 'linear', 'model__probability': True, 'model__random_state': 42, 'selector__k': 'all'}",0.4602510460251046,0.4365482233502538,0.46443514644351463,0.46638655462184875,0.42677824267782427,0.45087984262370917,0.01611400796066305,39
1.5159296989440918,0.07529027737241437,0.09176464080810547,0.03734186832440835,100,0.1,rbf,True,42,40,"{'model__C': 100, 'model__gamma': 0.1, 'model__kernel': 'rbf', 'model__probability': True, 'model__random_state': 42, 'selector__k': 40}",0.41422594142259417,0.41116751269035534,0.41841004184100417,0.3487394957983193,0.41841004184100417,0.4021906067186555,0.026864830288891865,122
1.5449275493621826,0.0747445437032709,0.07945823669433594,0.005880840031715043,100,0.1,rbf,True,42,60,"{'model__C': 100, 'model__gamma': 0.1, 'model__kernel': 'rbf', 'model__probability': True, 'model__random_state': 42, 'selector__k': 60}",0.37656903765690375,0.34517766497461927,0.35564853556485354,0.2773109243697479,0.3514644351464435,0.3412341195425136,0.033653283989656446,125
1.4108162879943849,0.06568944181092742,0.08535528182983398,0.012953760319743102,100,0.1,rbf,True,42,80,"{'model__C': 100, 'model__gamma': 0.1, 'model__kernel': 'rbf', 'model__probability': True, 'model__random_state': 42, 'selector__k': 80}",0.33472803347280333,0.24873096446700507,0.18410041841004185,0.18907563025210083,0.28870292887029286,0.2490675950944488,0.05784211890804526,129
1.653710126876831,0.04360588284991147,0.08894209861755371,0.004807743492600711,100,0.1,rbf,True,42,100,"{'model__C': 100, 'model__gamma': 0.1, 'model__kernel': 'rbf', 'model__probability': True, 'model__random_state': 42, 'selector__k': 100}",0.2217573221757322,0.19289340101522842,0.16317991631799164,0.15546218487394958,0.17573221757322174,0.18180500839122474,0.023651033895530835,133
1.6331897735595704,0.13393450014982888,0.08895087242126465,0.007295425398716237,100,0.1,rbf,True,42,all,"{'model__C': 100, 'model__gamma': 0.1, 'model__kernel': 'rbf', 'model__probability': True, 'model__random_state': 42, 'selector__k': 'all'}",0.20920502092050208,0.18781725888324874,0.13807531380753138,0.15126050420168066,0.16736401673640167,0.1707444229098729,0.02541267499172328,136
47.90420641899109,6.235658575322525,0.017725038528442382,0.00242799142273828,100,0.1,linear,True,42,40,"{'model__C': 100, 'model__gamma': 0.1, 'model__kernel': 'linear', 'model__probability': True, 'model__random_state': 42, 'selector__k': 40}",0.46443514644351463,0.4365482233502538,0.4309623430962343,0.39915966386554624,0.46443514644351463,0.4391081046398127,0.024296923413014575,79
14.476482725143432,3.2202413983572478,0.017769670486450194,0.001845281058363796,100,0.1,linear,True,42,60,"{'model__C': 100, 'model__gamma': 0.1, 'model__kernel': 'linear', 'model__probability': True, 'model__random_state': 42, 'selector__k': 60}",0.497907949790795,0.4213197969543147,0.4351464435146444,0.4831932773109244,0.41422594142259417,0.45035868179865457,0.03382096244265938,51
1.5529288291931151,0.28953917955419256,0.020454025268554686,0.0034831617102517275,100,0.1,linear,True,42,80,"{'model__C': 100, 'model__gamma': 0.1, 'model__kernel': 'linear', 'model__probability': True, 'model__random_state': 42, 'selector__k': 80}",0.4476987447698745,0.4467005076142132,0.4435146443514644,0.42857142857142855,0.4100418410041841,0.435305433262233,0.014383524945415015,97
1.1863574981689453,0.06520130809158461,0.02066216468811035,0.0011340610785402336,100,0.1,linear,True,42,100,"{'model__C': 100, 'model__gamma': 0.1, 'model__kernel': 'linear', 'model__probability': True, 'model__random_state': 42, 'selector__k': 100}",0.4769874476987448,0.43147208121827413,0.41841004184100417,0.4369747899159664,0.41841004184100417,0.43645088050299874,0.0215370375059433,85
1.114253568649292,0.0720172429839651,0.027708721160888673,0.009050605191511074,100,0.1,linear,True,42,all,"{'model__C': 100, 'model__gamma': 0.1, 'model__kernel': 'linear', 'model__probability': True, 'model__random_state': 42, 'selector__k': 'all'}",0.4602510460251046,0.4365482233502538,0.46443514644351463,0.46638655462184875,0.42677824267782427,0.45087984262370917,0.01611400796066305,39
1.5732409000396728,0.1266667891760546,0.07326574325561523,0.004155327775122032,100,1,rbf,True,42,40,"{'model__C': 100, 'model__gamma': 1, 'model__kernel': 'rbf', 'model__probability': True, 'model__random_state': 42, 'selector__k': 40}",0.12552301255230125,0.1218274111675127,0.12133891213389121,0.12184873949579832,0.1297071129707113,0.12404903766404296,0.003203377431886304,141
1.5878984928131104,0.046126364978657616,0.0880387306213379,0.01546569456874709,100,1,rbf,True,42,60,"{'model__C': 100, 'model__gamma': 1, 'model__kernel': 'rbf', 'model__probability': True, 'model__random_state': 42, 'selector__k': 60}",0.12552301255230125,0.1218274111675127,0.12133891213389121,0.12184873949579832,0.12552301255230125,0.12321221758036094,0.0018955517080053801,150
1.5604706764221192,0.03753167185547763,0.08665399551391602,0.010188807098737242,100,1,rbf,True,42,80,"{'model__C': 100, 'model__gamma': 1, 'model__kernel': 'rbf', 'model__probability': True, 'model__random_state': 42, 'selector__k': 80}",0.12552301255230125,0.1218274111675127,0.12133891213389121,0.12184873949579832,0.12552301255230125,0.12321221758036094,0.0018955517080053801,150
1.6610958099365234,0.07796226056019843,0.09377589225769042,0.005578656148824075,100,1,rbf,True,42,100,"{'model__C': 100, 'model__gamma': 1, 'model__kernel': 'rbf', 'model__probability': True, 'model__random_state': 42, 'selector__k': 100}",0.12552301255230125,0.1218274111675127,0.12133891213389121,0.12184873949579832,0.12552301255230125,0.12321221758036094,0.0018955517080053801,150
1.6432605743408204,0.06263102060119026,0.09308362007141113,0.005785145835655471,100,1,rbf,True,42,all,"{'model__C': 100, 'model__gamma': 1, 'model__kernel': 'rbf', 'model__probability': True, 'model__random_state': 42, 'selector__k': 'all'}",0.12552301255230125,0.1218274111675127,0.12133891213389121,0.12184873949579832,0.1297071129707113,0.12404903766404296,0.003203377431886304,141
48.54218502044678,6.393840159212522,0.015771245956420897,0.001279926213002328,100,1,linear,True,42,40,"{'model__C': 100, 'model__gamma': 1, 'model__kernel': 'linear', 'model__probability': True, 'model__random_state': 42, 'selector__k': 40}",0.46443514644351463,0.4365482233502538,0.4309623430962343,0.39915966386554624,0.46443514644351463,0.4391081046398127,0.024296923413014575,79
14.169211483001709,3.3261313199126374,0.019463443756103517,0.0011356254751954656,100,1,linear,True,42,60,"{'model__C': 100, 'model__gamma': 1, 'model__kernel': 'linear', 'model__probability': True, 'model__random_state': 42, 'selector__k': 60}",0.497907949790795,0.4213197969543147,0.4351464435146444,0.4831932773109244,0.41422594142259417,0.45035868179865457,0.03382096244265938,51
1.5779277324676513,0.23235027741210842,0.021970605850219725,0.005661513482632718,100,1,linear,True,42,80,"{'model__C': 100, 'model__gamma': 1, 'model__kernel': 'linear', 'model__probability': True, 'model__random_state': 42, 'selector__k': 80}",0.4476987447698745,0.4467005076142132,0.4435146443514644,0.42857142857142855,0.4100418410041841,0.435305433262233,0.014383524945415015,97
1.190580701828003,0.10607375689443294,0.021503162384033204,0.002109629411292175,100,1,linear,True,42,100,"{'model__C': 100, 'model__gamma': 1, 'model__kernel': 'linear', 'model__probability': True, 'model__random_state': 42, 'selector__k': 100}",0.4769874476987448,0.43147208121827413,0.41841004184100417,0.4369747899159664,0.41841004184100417,0.43645088050299874,0.0215370375059433,85
1.1092490196228026,0.10269315886058247,0.03230123519897461,0.014389144762686417,100,1,linear,True,42,all,"{'model__C': 100, 'model__gamma': 1, 'model__kernel': 'linear', 'model__probability': True, 'model__random_state': 42, 'selector__k': 'all'}",0.4602510460251046,0.4365482233502538,0.46443514644351463,0.46638655462184875,0.42677824267782427,0.45087984262370917,0.01611400796066305,39
